"filename", "language", "java", "comment", "blank", "total"
"/home/swithun/project/vscode/java/spring boot/time_manager_system/backend/backend/.mvn/wrapper/MavenWrapperDownloader.java", "java", 76, 31, 11, 118
"/home/swithun/project/vscode/java/spring boot/time_manager_system/backend/backend/src/main/java/com/swithun/backend/BackendApplication.java", "java", 9, 0, 5, 14
"/home/swithun/project/vscode/java/spring boot/time_manager_system/backend/backend/src/main/java/com/swithun/backend/DTO/AddOrderLimitDTO.java", "java", 29, 18, 2, 49
"/home/swithun/project/vscode/java/spring boot/time_manager_system/backend/backend/src/main/java/com/swithun/backend/DTO/AddPlanTypeDTO.java", "java", 20, 9, 6, 35
"/home/swithun/project/vscode/java/spring boot/time_manager_system/backend/backend/src/main/java/com/swithun/backend/DTO/AddStatisticTemplateDTO.java", "java", 53, 9, 4, 66
"/home/swithun/project/vscode/java/spring boot/time_manager_system/backend/backend/src/main/java/com/swithun/backend/DTO/StDevotionDTO.java", "java", 17, 9, 1, 27
"/home/swithun/project/vscode/java/spring boot/time_manager_system/backend/backend/src/main/java/com/swithun/backend/DTO/StSatisfactionDTO.java", "java", 17, 9, 1, 27
"/home/swithun/project/vscode/java/spring boot/time_manager_system/backend/backend/src/main/java/com/swithun/backend/DTO/StTimeDTO.java", "java", 25, 9, 2, 36
"/home/swithun/project/vscode/java/spring boot/time_manager_system/backend/backend/src/main/java/com/swithun/backend/DTO/StTypeDTO.java", "java", 17, 9, 1, 27
"/home/swithun/project/vscode/java/spring boot/time_manager_system/backend/backend/src/main/java/com/swithun/backend/DTO/addTaskDTO.java", "java", 78, 18, 4, 100
"/home/swithun/project/vscode/java/spring boot/time_manager_system/backend/backend/src/main/java/com/swithun/backend/DTO/getFrequencyLimitDTO.java", "java", 48, 18, 3, 69
"/home/swithun/project/vscode/java/spring boot/time_manager_system/backend/backend/src/main/java/com/swithun/backend/DTO/getOrderLimitDTO.java", "java", 38, 9, 11, 58
"/home/swithun/project/vscode/java/spring boot/time_manager_system/backend/backend/src/main/java/com/swithun/backend/DTO/getTimeLimitDTO.java", "java", 40, 18, 3, 61
"/home/swithun/project/vscode/java/spring boot/time_manager_system/backend/backend/src/main/java/com/swithun/backend/controller/LimitController.java", "java", 96, 18, 24, 138
"/home/swithun/project/vscode/java/spring boot/time_manager_system/backend/backend/src/main/java/com/swithun/backend/controller/StatisticController.java", "java", 37, 18, 15, 70
"/home/swithun/project/vscode/java/spring boot/time_manager_system/backend/backend/src/main/java/com/swithun/backend/controller/planController.java", "java", 43, 9, 14, 66
"/home/swithun/project/vscode/java/spring boot/time_manager_system/backend/backend/src/main/java/com/swithun/backend/controller/taskController.java", "java", 57, 30, 13, 100
"/home/swithun/project/vscode/java/spring boot/time_manager_system/backend/backend/src/main/java/com/swithun/backend/dao/FinishedPlanRepository.java", "java", 7, 18, 5, 30
"/home/swithun/project/vscode/java/spring boot/time_manager_system/backend/backend/src/main/java/com/swithun/backend/dao/FinishedTaskRecordRepository.java", "java", 9, 9, 4, 22
"/home/swithun/project/vscode/java/spring boot/time_manager_system/backend/backend/src/main/java/com/swithun/backend/dao/FrequencyLimitRepository.java", "java", 8, 9, 5, 22
"/home/swithun/project/vscode/java/spring boot/time_manager_system/backend/backend/src/main/java/com/swithun/backend/dao/OrderLimitRepository.java", "java", 10, 9, 3, 22
"/home/swithun/project/vscode/java/spring boot/time_manager_system/backend/backend/src/main/java/com/swithun/backend/dao/PlanRepository.java", "java", 13, 36, 6, 55
"/home/swithun/project/vscode/java/spring boot/time_manager_system/backend/backend/src/main/java/com/swithun/backend/dao/PlanTypeRepository.java", "java", 12, 10, 5, 27
"/home/swithun/project/vscode/java/spring boot/time_manager_system/backend/backend/src/main/java/com/swithun/backend/dao/StDevotionRepository.java", "java", 9, 9, 6, 24
"/home/swithun/project/vscode/java/spring boot/time_manager_system/backend/backend/src/main/java/com/swithun/backend/dao/StNameRepository.java", "java", 9, 9, 6, 24
"/home/swithun/project/vscode/java/spring boot/time_manager_system/backend/backend/src/main/java/com/swithun/backend/dao/StSatisfactionRepository.java", "java", 9, 9, 6, 24
"/home/swithun/project/vscode/java/spring boot/time_manager_system/backend/backend/src/main/java/com/swithun/backend/dao/StTimeRepository.java", "java", 9, 18, 4, 31
"/home/swithun/project/vscode/java/spring boot/time_manager_system/backend/backend/src/main/java/com/swithun/backend/dao/StTypeRepository.java", "java", 9, 9, 6, 24
"/home/swithun/project/vscode/java/spring boot/time_manager_system/backend/backend/src/main/java/com/swithun/backend/dao/StatisticTemplateRepository.java", "java", 7, 9, 5, 21
"/home/swithun/project/vscode/java/spring boot/time_manager_system/backend/backend/src/main/java/com/swithun/backend/dao/TimeLimitRepository.java", "java", 8, 18, 5, 31
"/home/swithun/project/vscode/java/spring boot/time_manager_system/backend/backend/src/main/java/com/swithun/backend/dao/TrackRepository.java", "java", 7, 18, 5, 30
"/home/swithun/project/vscode/java/spring boot/time_manager_system/backend/backend/src/main/java/com/swithun/backend/dao/UnfinishedPlanRepository.java", "java", 10, 9, 3, 22
"/home/swithun/project/vscode/java/spring boot/time_manager_system/backend/backend/src/main/java/com/swithun/backend/dao/UserRepository.java", "java", 8, 0, 4, 12
"/home/swithun/project/vscode/java/spring boot/time_manager_system/backend/backend/src/main/java/com/swithun/backend/dao/subTaskRepository.java", "java", 17, 18, 5, 40
"/home/swithun/project/vscode/java/spring boot/time_manager_system/backend/backend/src/main/java/com/swithun/backend/entity/FinishedPlanEntity.java", "java", 39, 9, 10, 58
"/home/swithun/project/vscode/java/spring boot/time_manager_system/backend/backend/src/main/java/com/swithun/backend/entity/FinishedTaskRecordEntity.java", "java", 58, 9, 13, 80
"/home/swithun/project/vscode/java/spring boot/time_manager_system/backend/backend/src/main/java/com/swithun/backend/entity/FrequencyLimitEntity.java", "java", 80, 9, 18, 107
"/home/swithun/project/vscode/java/spring boot/time_manager_system/backend/backend/src/main/java/com/swithun/backend/entity/OrderLimitEntity.java", "java", 59, 0, 15, 74
"/home/swithun/project/vscode/java/spring boot/time_manager_system/backend/backend/src/main/java/com/swithun/backend/entity/PlanEntity.java", "java", 206, 0, 45, 251
"/home/swithun/project/vscode/java/spring boot/time_manager_system/backend/backend/src/main/java/com/swithun/backend/entity/PlanTypeEntity.java", "java", 111, 9, 27, 147
"/home/swithun/project/vscode/java/spring boot/time_manager_system/backend/backend/src/main/java/com/swithun/backend/entity/StDevotionEntity.java", "java", 57, 0, 15, 72
"/home/swithun/project/vscode/java/spring boot/time_manager_system/backend/backend/src/main/java/com/swithun/backend/entity/StNameEntity.java", "java", 48, 0, 13, 61
"/home/swithun/project/vscode/java/spring boot/time_manager_system/backend/backend/src/main/java/com/swithun/backend/entity/StSatisfactionEntity.java", "java", 57, 0, 15, 72
"/home/swithun/project/vscode/java/spring boot/time_manager_system/backend/backend/src/main/java/com/swithun/backend/entity/StTimeEntity.java", "java", 93, 0, 23, 116
"/home/swithun/project/vscode/java/spring boot/time_manager_system/backend/backend/src/main/java/com/swithun/backend/entity/StTypeEntity.java", "java", 57, 9, 15, 81
"/home/swithun/project/vscode/java/spring boot/time_manager_system/backend/backend/src/main/java/com/swithun/backend/entity/StatisticTemplateEntity.java", "java", 86, 1, 21, 108
"/home/swithun/project/vscode/java/spring boot/time_manager_system/backend/backend/src/main/java/com/swithun/backend/entity/SubTaskEntity.java", "java", 55, 0, 13, 68
"/home/swithun/project/vscode/java/spring boot/time_manager_system/backend/backend/src/main/java/com/swithun/backend/entity/TimeLimitEntity.java", "java", 63, 9, 15, 87
"/home/swithun/project/vscode/java/spring boot/time_manager_system/backend/backend/src/main/java/com/swithun/backend/entity/TrackEntity.java", "java", 64, 0, 15, 79
"/home/swithun/project/vscode/java/spring boot/time_manager_system/backend/backend/src/main/java/com/swithun/backend/entity/UnfinishedPlanEntity.java", "java", 39, 9, 9, 57
"/home/swithun/project/vscode/java/spring boot/time_manager_system/backend/backend/src/main/java/com/swithun/backend/entity/UserEntity.java", "java", 49, 0, 11, 60
"/home/swithun/project/vscode/java/spring boot/time_manager_system/backend/backend/src/main/java/com/swithun/backend/service/LimitService.java", "java", 80, 21, 23, 124
"/home/swithun/project/vscode/java/spring boot/time_manager_system/backend/backend/src/main/java/com/swithun/backend/service/LoginService.java", "java", 13, 0, 5, 18
"/home/swithun/project/vscode/java/spring boot/time_manager_system/backend/backend/src/main/java/com/swithun/backend/service/PlanService.java", "java", 170, 36, 34, 240
"/home/swithun/project/vscode/java/spring boot/time_manager_system/backend/backend/src/main/java/com/swithun/backend/service/StatisticService.java", "java", 133, 62, 28, 223
"/home/swithun/project/vscode/java/spring boot/time_manager_system/backend/backend/src/main/java/com/swithun/backend/utils/ClassConvert.java", "java", 107, 14, 18, 139
"/home/swithun/project/vscode/java/spring boot/time_manager_system/backend/backend/src/main/java/com/swithun/backend/utils/DateUtil.java", "java", 44, 13, 9, 66
"/home/swithun/project/vscode/java/spring boot/time_manager_system/backend/backend/src/test/java/com/swithun/backend/BackendApplicationTests.java", "java", 61, 9, 15, 85
"Total", "-", 2690, 677, 628, 3995